{"short_name":"Chonks","name":"Sad Chonks","description":"Your daily source for Sad Chonks","categories":["cats","memes"],"screenshots":[{"src":"/chonkscreenshot1.jpeg","type":"image/jpeg","sizes":"728x409","label":"App on homescreen with shortcuts","platform":"play"},{"src":"/chonkscreenshot2.jpg","type":"image/jpeg","sizes":"551x541","label":"Really long text describing the screenshot above which is basically a picture showing the app being long pressed on Android and the WebShortcuts popping out","platform":"xbox"}],"icons":[{"src":"/favicon.png","type":"image/png","sizes":"128x128"},{"src":"/kitteh-192.png","type":"image/png","sizes":"192x192"},{"src":"/kitteh-512.png","type":"image/png","sizes":"512x512"}],"start_url":"/saved","background_color":"#3f51b5","display":"standalone","scope":"/","theme_color":"#3f51b5","shortcuts":[{"name":"New Chonks","short_name":"New","url":"/?shortcut","icons":[{"src":"/favicon.png","sizes":"128x128"}]},{"name":"Saved Chonks","short_name":"Saved","url":"/saved?shortcut","icons":[{"src":"/favicon.png","sizes":"128x128"}]}]}